symbol,category
FTRI,Commodity
IYM,Commodity
PICK,Equity
XLB,Commodity
EBLU,Commodity
PXJ,Equity
VAW,Commodity
FMAT,Commodity
PIO,Commodity
MXI,Commodity
GOEX,Equity
CGW,Commodity
CUT,Commodity
SGDJ,Equity
RWX,Real Estate
IFGL,Real Estate
SLX,Commodity
GNR,Commodity
GUNR,Commodity
URNM,Commodity
COPX,Commodity
HAUZ,Real Estate
SILJ,Equity
VMOT,Equity
GDXJ,Equity
INCO,Equity
HAP,Commodity
VEGI,Commodity
URA,Commodity
REET,Real Estate
FXZ,Commodity
GRES,Commodity
IXC,Equity
PIN,Equity
FILL,Equity
OIH,Equity
IXSE,Equity
INDA,Equity
FLIN,Equity
IEZ,Equity
XES,Equity
GQRE,Real Estate
GOAU,Equity
WOOD,Commodity
BLDG,Real Estate
INDY,Equity
MOO,Commodity
SRET,Real Estate
GDX,Equity
FTAG,Commodity
PYZ,Commodity
CNRG,Equity
SLVP,Equity
CVY,Equity
NFTY,Equity
SIL,Equity
IGE,Commodity
EPI,Equity
SMIN,Equity
PHDG,Equity
GLIN,Equity
XLE,Equity
IYE,Equity
VDE,Equity
FENY,Equity
PHO,Commodity
GIGB,Bonds
IGOV,Bonds
BWX,Bonds
FLIA,Bonds
BWZ,Bonds
ISHG,Bonds
KBND,Bonds
FAIL,Bonds